,X,Y,Z
0.0,0.0,0.0,0.0
0.1,-5.7828773140508265e-08,-2.874417735626166e-07,-2.0781877439645045e-07
0.2,-1.2836706210295274e-07,-3.82505396919028e-07,-8.250203492320686e-07
0.30000000000000004,-1.1013596481743921e-07,-3.3543961528368576e-07,-9.455148638486602e-07
0.4,-1.3701438202826236e-07,-1.0529195310768044e-07,-9.185769080564423e-07
0.5,-1.6550713628825393e-07,-5.760208581431323e-07,-1.1525355015567178e-06
0.6000000000000001,-1.7288682275493947e-07,-3.758951471533467e-07,-1.8419502845482408e-06
0.7000000000000001,-4.534274849141714e-07,-3.0426634510519174e-07,-1.913035666020253e-06
0.8,-1.962671848629154e-07,-3.675343781845335e-07,-1.778161950895485e-06
0.9,2.5693165931509334e-07,2.1869394540093984e-07,-2.6985846927358944e-06
1.0,9.405068635211185e-07,-2.46594143131347e-07,-2.733793507937785e-06
1.1,1.2947793754975483e-06,-7.385211890065428e-07,-1.7566696540865965e-06
1.2000000000000002,1.311020223167236e-06,-1.194189361126004e-06,-1.5089208405927114e-06
1.3,1.8595323954514423e-06,-1.261282196656612e-06,-9.579051098764199e-07
1.4000000000000001,2.5005479141435035e-06,-1.886629133334785e-06,-7.41424808162732e-07
1.5,2.6820421569090086e-06,-1.974643149522356e-06,-1.7736778272452298e-07
1.6,2.651524316916324e-06,-2.0214582016327822e-06,3.0817009814397e-07
1.7000000000000002,2.714465775380903e-06,-1.5618217204486833e-06,7.445640675924368e-07
1.8,2.2031371531534338e-06,-1.2773125686013916e-06,-8.019330482516886e-08
1.9000000000000001,2.058277169018432e-06,-1.7201926141592409e-06,-1.2401574802134018e-07
2.0,2.5167211668083493e-06,-1.3156514368958102e-06,6.101002658704927e-07
2.1,2.828329113470192e-06,-4.5434280835600445e-07,4.2507849632221016e-07
2.2,2.6126505721223626e-06,6.392365559456728e-07,2.5120428635862275e-07
2.3000000000000003,2.2642715119192774e-06,1.2805408685662787e-06,5.021987332675891e-07
2.4000000000000004,2.6377934318352354e-06,1.1158954955745776e-06,1.4734738345156882e-08
2.5,2.757982325928508e-06,3.757700779091452e-07,-2.6511948611750345e-08
2.6,2.7026226088840856e-06,-9.597721700394803e-08,4.9586709917461496e-08
2.7,2.374915715565278e-06,-2.4901072125642853e-07,4.004471900000704e-07
2.8000000000000003,2.039476437983086e-06,-4.318307508199163e-08,-2.04513798519309e-07
2.9000000000000004,1.7281196419476715e-06,1.2069849436858774e-07,-7.605851913797236e-07
3.0,1.9979644407169456e-06,-8.740724953153659e-08,-4.3947347217032276e-07
3.1,2.4705544455982013e-06,2.458984851283694e-07,-1.048213581960432e-06
3.2,2.5258027427593824e-06,5.373795907381058e-07,-1.5886190974993251e-06
3.3000000000000003,1.8940131042567119e-06,1.3668659997223685e-06,-2.4169986814342387e-06
3.4000000000000004,2.6886834262674693e-06,1.227341100008123e-06,-1.7676759749130368e-06
3.5,3.1489432119953105e-06,1.064322442248234e-06,-7.311794528565226e-07
3.6,3.1908235605875947e-06,7.239848003667428e-07,-2.632050157604874e-07
3.7,3.176776236336446e-06,1.579348622958986e-06,-9.803038608145308e-08
3.8000000000000003,3.305329978765967e-06,1.9263267335685776e-06,1.0009977277950682e-07
3.9000000000000004,3.1502595173071453e-06,1.9993894995374394e-06,-2.317977102612934e-08
4.0,2.670797955378319e-06,2.151658572507965e-06,-1.139125870535823e-07
4.1000000000000005,2.4585735027532137e-06,2.245674359737897e-06,2.964055320629532e-07
4.2,2.4091078362060886e-06,1.9496454704687615e-06,8.180121340794693e-07
4.3,2.2916015539112243e-06,2.4879177567909835e-06,1.6358940591331413e-06
4.4,2.6321580365738832e-06,2.6656934580030946e-06,1.4370249330746303e-06
4.5,2.562985789647294e-06,3.4575489255248037e-06,1.4730716106286148e-06
4.6000000000000005,2.466009200326915e-06,3.3018856518982715e-06,1.2773202004831409e-06
4.7,2.3269774223835915e-06,3.0159066752944947e-06,1.554019337500106e-06
4.800000000000001,2.421537142028745e-06,3.5840276693966437e-06,1.353169014667592e-06
4.9,2.069884548474025e-06,3.900639104412654e-06,1.226358909220926e-06
5.0,2.063220748998058e-06,3.823474214353871e-06,8.312178305169231e-07
5.1000000000000005,2.304917984068085e-06,3.637684799878239e-06,2.970027312700803e-07
5.2,3.0085633663061793e-06,3.4630088209040954e-06,-1.4095792410197075e-08
5.300000000000001,3.7056124671442363e-06,3.533179877455172e-06,5.872124265618286e-08
5.4,3.761497300199846e-06,2.9165465645224197e-06,-6.465291799734562e-07
5.5,3.2487036900099674e-06,2.8183885990254913e-06,-5.266895099982731e-07
5.6000000000000005,3.3932987769651894e-06,2.962089786440092e-06,-4.183166176093988e-07
5.7,3.5515900420640405e-06,2.9500610055887076e-06,2.3099236719784354e-07
5.800000000000001,3.7900358525729472e-06,3.6992592088038247e-06,1.0998032285144028e-06
5.9,3.454604263024361e-06,4.160545527261209e-06,8.737394593152815e-07
6.0,3.5131788486059483e-06,4.486805759700352e-06,3.329969187762396e-07
6.1000000000000005,3.3782796862252495e-06,4.5890625400960034e-06,-1.7497732590071338e-07
6.2,3.41947435274935e-06,4.444185663461042e-06,4.895997501715718e-07
6.300000000000001,3.404198441269516e-06,4.479342323804115e-06,6.632981264462058e-07
6.4,3.7591101397865393e-06,5.001267674681043e-06,3.5836689073058677e-07
6.5,4.270349856679859e-06,5.023276256720594e-06,3.5852230519375133e-07
6.6000000000000005,4.3992948421678465e-06,4.736896798722011e-06,2.7986726638655853e-07
6.7,3.991982410126316e-06,5.182490673624969e-06,1.618134875401448e-07
6.800000000000001,3.791845206177993e-06,5.032385474836166e-06,-1.085045752121561e-07
6.9,3.8531757250387456e-06,5.621488812350535e-06,5.779122091866362e-07
7.0,4.321055700840347e-06,6.115172569210323e-06,7.354253472057218e-07
7.1000000000000005,4.750770795311052e-06,6.183567803284392e-06,1.0781140035044517e-06
7.2,4.777866765409783e-06,6.850053791141107e-06,1.05464231242428e-06
7.300000000000001,5.730290226999017e-06,7.0717370270699735e-06,8.693240627285122e-07
7.4,5.912880273725209e-06,6.970810270847351e-06,5.104057652932403e-07
7.5,6.02683264262254e-06,6.8124577081517535e-06,1.8668827688037246e-07
7.6000000000000005,6.637958260261689e-06,6.511120268880657e-06,5.660325968347971e-08
7.7,7.397333450817364e-06,5.9686183650568574e-06,-2.2040540862866327e-10
7.800000000000001,7.5079566467436284e-06,6.408064422622584e-06,-9.887076055811099e-08
7.9,7.646848071911167e-06,7.167730614696585e-06,5.555835045892303e-07
8.0,8.136688196700959e-06,7.146909089838185e-06,9.160079211555312e-07
8.1,8.921658285548532e-06,6.247329586659203e-06,3.824044213078666e-07
8.200000000000001,8.673405258987184e-06,6.461701661792089e-06,1.306917435782578e-06
8.3,9.529223128445651e-06,7.127502873073124e-06,1.4149130530534622e-06
8.4,1.0055741665897584e-05,7.184325501179962e-06,1.4742639789129224e-06
8.5,9.97566233284627e-06,7.156404363301128e-06,1.0464229168291122e-06
8.6,1.0040158003655597e-05,6.858870426113233e-06,9.465173118989752e-07
8.700000000000001,1.0493364380783028e-05,7.013018813130028e-06,8.411328166209663e-07
8.8,1.0397043565931533e-05,7.542304944454948e-06,9.034262306505379e-07
8.9,1.0742345887817384e-05,8.030676531070029e-06,1.5268134957386291e-06
9.0,1.0879383867077228e-05,8.37250618507644e-06,1.5676726965828223e-06
9.1,1.0896880623741396e-05,7.88393053826383e-06,1.676508202857269e-06
9.200000000000001,1.1113355497991938e-05,7.313088733933787e-06,1.8510687421041944e-06
9.3,1.0670082253717502e-05,7.040213888384871e-06,1.3289884473872902e-06
9.4,9.908866150934334e-06,7.1350183408815024e-06,1.1461388503630282e-06
9.5,9.486519310287063e-06,7.493104420449843e-06,4.1965720490297943e-07
9.600000000000001,9.204538411714716e-06,7.789508784346496e-06,-3.903838633009465e-08
9.700000000000001,9.29900166819644e-06,7.766751364642101e-06,3.896420640577095e-07
9.8,9.203092938111913e-06,7.885926889075204e-06,-1.1474390355672686e-07
9.9,9.538807236813307e-06,7.915190175955483e-06,-4.581118853728084e-07
10.0,1.0178392385770492e-05,7.553792938475602e-06,-9.513478887875333e-07
10.100000000000001,1.0181947803534426e-05,7.612257608749775e-06,-4.3571675860958826e-07
10.200000000000001,1.0400559962032132e-05,7.678677575548083e-06,-4.093889986024744e-07
10.3,1.0269995384429894e-05,8.115427218146633e-06,-5.378802875856106e-07
10.4,1.0004655572986765e-05,8.632831605119604e-06,-6.730880407514011e-07
10.5,1.0486651566241595e-05,8.673137180658929e-06,-6.802506667557878e-07
10.600000000000001,1.0754705438322341e-05,9.1839107699716e-06,-9.754725500267582e-07
10.700000000000001,1.1100143277385548e-05,9.128938118739036e-06,-6.293686369380842e-07
10.8,1.1089367783647573e-05,9.009188158520719e-06,5.278734704209023e-08
10.9,1.1584956200933736e-05,8.58397734127421e-06,2.7269455717382413e-07
11.0,1.1834756903429518e-05,8.141210156331201e-06,3.654130422366303e-07
11.100000000000001,1.1326873917814852e-05,8.391768622087504e-06,4.337212143967526e-07
11.200000000000001,1.0987037352482474e-05,8.67968248882522e-06,1.2193433106182713e-07
11.3,1.0999952602717066e-05,8.444939396939691e-06,2.6340960023835915e-08
11.4,1.1617351562231386e-05,8.113540622980377e-06,6.269220545000123e-07
11.5,1.1677971600539087e-05,8.097348608485263e-06,7.232694628828523e-07
11.600000000000001,1.126929173337699e-05,7.040097777770514e-06,1.1312818464592465e-06
11.700000000000001,1.1109062660998582e-05,6.959208906415549e-06,9.97142264608307e-07
11.8,1.1181146823422423e-05,6.912299879297666e-06,1.1010900591245094e-06
11.9,1.1451832567242334e-05,7.872094886154564e-06,1.5621007212106624e-06
12.0,1.150947632758457e-05,8.075031640529018e-06,1.4644637552664114e-06
12.100000000000001,1.1565907105047865e-05,8.040546086661465e-06,9.568784571664295e-07
12.200000000000001,1.1815713744975736e-05,7.450703631946836e-06,1.7600862275010257e-06
12.3,1.1944502194847569e-05,7.587626823421424e-06,2.036894219645238e-06
12.4,1.1299252921909009e-05,7.448349076415226e-06,2.0903714469538276e-06
12.5,1.1156577126718792e-05,7.838340892033641e-06,1.7751538631317905e-06
12.600000000000001,1.1506224514968558e-05,8.04260210550508e-06,1.9228091617892383e-06
12.700000000000001,1.133326480177594e-05,8.315618418186098e-06,1.4921271858706833e-06
12.8,1.0576134260460436e-05,7.952222145736754e-06,1.316740037877774e-06
12.9,1.058067785695095e-05,8.296977861996298e-06,1.3263017983495303e-06
13.0,1.0744437158461546e-05,8.251335037589712e-06,1.2248356151401158e-06
13.100000000000001,1.1396346426553331e-05,8.381300759870725e-06,1.3263045938841446e-06
13.200000000000001,1.0864136889886933e-05,8.40264375506428e-06,7.756204984628806e-07
13.3,1.0795284294315619e-05,8.386224243763145e-06,9.894974725737993e-07
13.4,1.0563082215822399e-05,8.537633032192439e-06,1.607835384655777e-06
13.5,1.056905394018109e-05,8.667524519870583e-06,1.4743279962527215e-06
13.600000000000001,1.0463006477261825e-05,8.675645378658112e-06,2.386244168094297e-06
13.700000000000001,1.046929811951322e-05,8.430347330661056e-06,2.86545124244265e-06
13.8,1.044616616483518e-05,7.977806132794554e-06,3.048474359444297e-06
13.9,1.0519605177749293e-05,7.196805619576418e-06,2.9141711595647208e-06
14.0,1.0180909754840012e-05,6.9044829694745545e-06,3.206014409487782e-06
14.100000000000001,9.610131142292209e-06,7.094372847027611e-06,3.5159250066324066e-06
14.200000000000001,9.610359387362744e-06,7.091943458457504e-06,3.2598855081445422e-06
14.3,9.410007649359168e-06,6.626720051891309e-06,3.1788866750949797e-06
14.4,9.567216858876536e-06,7.0267394867625595e-06,2.575179537900673e-06
14.5,9.43675574700046e-06,6.872005697464499e-06,3.193049015016777e-06
14.600000000000001,9.715163056914317e-06,6.749198148829271e-06,3.072857729072126e-06
14.700000000000001,1.0355290651734756e-05,6.643026796142556e-06,3.3731482799101753e-06
14.8,1.0039595678115857e-05,6.874459186467739e-06,2.823803729871495e-06
14.9,9.918430902152388e-06,6.994618078192243e-06,1.835354274519905e-06
15.0,1.0342996595071967e-05,7.2118822774222064e-06,1.5727918331648209e-06
15.100000000000001,1.0350546885254148e-05,7.280326106760518e-06,1.7266543605574385e-06
15.200000000000001,1.0594375202931333e-05,6.392107237534703e-06,1.8867635042617061e-06
15.3,1.0946162251046291e-05,6.147296793018278e-06,1.027328234000271e-06
15.4,1.079784782088142e-05,5.776690320258878e-06,1.1621225163781583e-06
15.5,9.657832326057322e-06,5.782829665466491e-06,6.623265082141515e-07
15.600000000000001,9.765052294352299e-06,6.230114958882042e-06,2.0892198838155076e-07
15.700000000000001,9.273728832231032e-06,6.9103972017284605e-06,4.41272345569914e-07
15.8,9.267597018156596e-06,6.744596831192867e-06,9.971580327323487e-07
15.9,9.026586971794523e-06,6.9262194864107945e-06,1.0067064105262431e-06
16.0,8.53040895028416e-06,6.831573816018375e-06,1.0449748647770263e-06
16.1,8.279464384866447e-06,6.901251787419454e-06,9.453687871366353e-07
16.2,8.218667099925076e-06,7.0271352773651965e-06,1.401569031936051e-06
16.3,7.768145746865048e-06,6.832912132480453e-06,8.949437617698367e-07
16.400000000000002,7.54364847917689e-06,6.321127307127651e-06,9.660428821526418e-07
16.5,7.864721578075463e-06,5.880728272872795e-06,1.4096436397428822e-06
16.6,7.5469637148495065e-06,5.761176386107209e-06,1.2745929584167132e-06
16.7,7.488904599975163e-06,5.469307949337916e-06,1.1194422163439835e-06
16.8,7.674280217611098e-06,5.310104168411712e-06,1.14566209420003e-06
16.900000000000002,8.248963719629868e-06,5.025811008996522e-06,6.997417170797004e-07
17.0,8.342453983149719e-06,5.626545664877657e-06,4.6328321923480747e-07
17.1,9.091870709843227e-06,5.7458051804141795e-06,8.576306687488372e-07
17.2,8.899083713466203e-06,6.347816210667057e-06,3.1545270655733874e-08
17.3,8.972985946275565e-06,6.668825237026306e-06,-2.3816819275876515e-07
17.400000000000002,8.328347823637922e-06,7.123484458193496e-06,-6.786310460431363e-07
17.5,8.36605347265525e-06,6.734467705804381e-06,-6.428262332348514e-07
17.6,8.472186868439721e-06,6.454499548209155e-06,-7.355968452468821e-07
17.7,8.891150030595173e-06,6.426475604248555e-06,1.3953199439829905e-07
17.8,9.344223419569926e-06,6.1391432901077235e-06,5.766756746006304e-07
17.900000000000002,9.87836315415953e-06,6.650976875140103e-06,9.582482329344625e-07
18.0,1.0122792059242918e-05,6.522428893398943e-06,9.104492994430876e-07
18.1,1.0422475315203774e-05,6.527240197398834e-06,5.543204692237529e-07
18.2,1.0529657205670812e-05,6.300199753652137e-06,7.390444687151671e-07
18.3,1.0487966142541292e-05,6.178306679788656e-06,7.039856091440575e-07
18.400000000000002,1.1054599175914935e-05,6.651707002551102e-06,5.10760745939627e-07
18.5,1.1776735910299149e-05,6.65122954473638e-06,-2.5450036772865503e-08
18.6,1.1180641924061061e-05,7.166462185607712e-06,-7.272764028163937e-07
18.7,1.0885381005131336e-05,7.294994262304245e-06,-9.357394731797326e-07
18.8,1.015933536761272e-05,7.274551982880615e-06,-9.237773875521006e-07
18.900000000000002,9.735976476332282e-06,6.319018331096739e-06,-1.4699461834818851e-06
19.0,9.614958180980394e-06,5.624360757575383e-06,-1.2669395627284719e-06
19.1,9.157716362283418e-06,5.698209640179461e-06,-5.925538181899979e-07
19.200000000000003,9.365255214985695e-06,5.851355959842416e-06,1.7560878865583238e-07
19.3,9.88664559029739e-06,5.882460521972313e-06,8.499369795534599e-08
19.400000000000002,9.850836264654745e-06,5.9191529815502585e-06,-2.0956425312785184e-07
19.5,9.761600823965973e-06,5.631521429564715e-06,-2.1980792574964703e-07
19.6,1.0224791656287041e-05,5.7323111132323955e-06,-4.038205406351517e-07
19.700000000000003,1.0429473812057747e-05,5.788283790173625e-06,-1.873254736204204e-07
19.8,1.0157364379369056e-05,6.064575311840102e-06,1.8261990371952119e-07
19.900000000000002,9.909506993489469e-06,6.316329131219347e-06,6.727839301241603e-07
20.0,9.555462888212184e-06,6.146530593841929e-06,4.816155122234087e-07
20.1,9.80914713903757e-06,5.859115855592012e-06,9.127071865052531e-07
20.200000000000003,8.96896191090793e-06,5.134662552565395e-06,1.6752025968007373e-06
20.3,8.580770867149487e-06,4.800544981015162e-06,2.883528713386795e-06
20.400000000000002,9.016464516803748e-06,4.64702939528283e-06,3.0417678001733562e-06
20.5,9.117160848870264e-06,4.423368971203003e-06,3.4259748522145815e-06
20.6,8.950212886122378e-06,3.974669436372107e-06,3.0530089853582955e-06
20.700000000000003,8.727332396186328e-06,3.916518247232936e-06,3.6111218833480347e-06
20.8,8.554765021434425e-06,4.480739571030399e-06,3.6243711357300886e-06
20.900000000000002,8.696922863315035e-06,5.121914726291384e-06,3.6007942682862e-06
21.0,8.612804256382817e-06,5.00175033856217e-06,4.02647993557135e-06
21.1,8.682613746248611e-06,4.852140465364209e-06,3.6667199430658598e-06
21.200000000000003,8.37623846924063e-06,4.693695298788468e-06,4.243362650484942e-06
21.3,7.934945937024503e-06,4.986605821325839e-06,3.83936613111036e-06
21.400000000000002,8.468955814153583e-06,5.359146882795267e-06,3.738166353385119e-06
21.5,8.783526176774906e-06,5.206572502321756e-06,3.705596630879693e-06
21.6,8.57572859212787e-06,5.1058573082207785e-06,3.705475357478046e-06
21.700000000000003,8.833732533950948e-06,5.434207432798555e-06,3.415833299813841e-06
21.8,8.47907651955416e-06,5.5311133875575e-06,3.860873289168088e-06
21.900000000000002,9.01954457376948e-06,5.268272468031537e-06,4.332125102959039e-06
22.0,8.564398780640445e-06,5.876351473840433e-06,4.621044312464693e-06
22.1,8.565630976423627e-06,5.9962417120465885e-06,5.243861724486687e-06
22.200000000000003,8.351307912978342e-06,5.351679227565661e-06,5.5160378532979805e-06
22.3,7.918727468724113e-06,5.2570880632279286e-06,6.2123112195469e-06
22.400000000000002,7.85943540135904e-06,5.1136068987535085e-06,6.257073668987895e-06
22.5,7.457302498238677e-06,4.7980254588334096e-06,6.0260248722790194e-06
22.6,7.805533466573969e-06,4.6881086363927536e-06,6.455742805787216e-06
22.700000000000003,7.942689120214722e-06,4.9742119120136175e-06,6.737985123721774e-06
22.8,7.979709649377649e-06,4.863847026123544e-06,7.11944796257271e-06
22.900000000000002,7.478869040256583e-06,3.915267644275519e-06,6.589968645662597e-06
23.0,7.68325315202689e-06,3.6963932273418244e-06,6.770146931920568e-06
23.1,7.408058848229496e-06,3.455073561183762e-06,6.464628118133875e-06
23.200000000000003,7.796953971950945e-06,3.5046132713281345e-06,6.498670062907035e-06
23.3,7.333834364418931e-06,3.506455007000061e-06,5.87983732778428e-06
23.400000000000002,7.1035616378367116e-06,3.718999587916601e-06,5.8298501897295956e-06
23.5,6.570537886802883e-06,3.951503792031746e-06,5.141605702719978e-06
23.6,6.187901035751952e-06,4.625625751165429e-06,5.263659145635383e-06
23.700000000000003,6.350621829475421e-06,4.464209778035242e-06,5.4457403495818514e-06
23.8,6.211828834362628e-06,5.128064370842704e-06,5.015988056954644e-06
23.900000000000002,5.72978552949123e-06,5.042056958764273e-06,4.088554034009938e-06
24.0,5.213963623385453e-06,4.890791200347615e-06,4.093320525160554e-06
24.1,4.455197441537909e-06,4.920441940924583e-06,4.042562279843679e-06
24.200000000000003,4.303939340247326e-06,4.975185715238091e-06,3.5332711279768904e-06
24.3,3.265477808368319e-06,5.565443907844502e-06,3.2605671685566363e-06
24.400000000000002,2.1657208086828534e-06,5.55825006511857e-06,3.2257485488876874e-06
24.5,2.3756685300535667e-06,6.357349185356185e-06,3.712560339953595e-06
24.6,3.3478027917303004e-06,6.594339939957742e-06,3.1448485225078204e-06
24.700000000000003,3.922684333787901e-06,5.845887744177104e-06,3.1444010844612633e-06
24.8,3.948667143816747e-06,5.399215190009221e-06,2.915821859700432e-06
24.900000000000002,4.318598047189465e-06,5.346159888023165e-06,3.930983309455283e-06
25.0,4.418964587667626e-06,5.781439777734952e-06,4.66418370301375e-06
25.1,4.804733012870972e-06,5.983530008141413e-06,4.7730259186982136e-06
25.200000000000003,4.841807236160628e-06,5.993984122190171e-06,4.559662718520855e-06
25.3,5.599858616967581e-06,5.668305054944815e-06,4.279540806081059e-06
25.400000000000002,5.5516534989483874e-06,5.585005771833667e-06,3.2131610085385914e-06
25.5,5.554531748180364e-06,5.241833553379999e-06,2.8519117411805123e-06
25.6,5.138166964522789e-06,4.693311354239231e-06,2.6587698747031725e-06
25.700000000000003,5.300962383984872e-06,4.86435060692759e-06,3.135730988896965e-06
25.8,5.316972553848178e-06,4.332235151478982e-06,2.9292498110750397e-06
25.900000000000002,6.19106703338762e-06,4.098181095175343e-06,3.0325082138429064e-06
26.0,6.080084912622362e-06,4.756168699514768e-06,3.302003227248594e-06
26.1,6.313262569898672e-06,4.678509858047945e-06,2.6374425151809894e-06
26.200000000000003,6.3483495559003555e-06,5.6051915859585165e-06,2.605469242764613e-06
26.3,5.740691784818591e-06,5.990116864159392e-06,2.620983448718033e-06
26.400000000000002,5.235543855485212e-06,6.233248819776419e-06,2.676861328160255e-06
26.5,5.211326334496612e-06,5.825258677728068e-06,2.6053713095849983e-06
26.6,5.179606634588051e-06,5.7546642366987814e-06,2.5459198012220257e-06
26.700000000000003,4.946494930811992e-06,6.375625307264303e-06,2.781113333660435e-06
26.8,4.681926047488599e-06,6.530655908848647e-06,3.0017366368903505e-06
26.900000000000002,4.31896202829316e-06,6.1120651839285505e-06,3.178452947676109e-06
27.0,3.9681716798716035e-06,5.527912985261795e-06,3.7272511797884165e-06
27.1,3.6125940237357823e-06,5.381672976246963e-06,3.884787231287552e-06
27.200000000000003,3.530035631743201e-06,5.192146578221713e-06,3.8050509646395287e-06
27.3,3.878313147830057e-06,5.2076202833753905e-06,3.708985091488102e-06
27.400000000000002,4.80622967022931e-06,4.897448638048049e-06,4.328422305548024e-06
27.5,4.6884102081946605e-06,5.041224898314253e-06,4.204601174627744e-06
27.6,4.318350033870597e-06,4.470780316264305e-06,4.499458023257888e-06
27.700000000000003,4.688185304932775e-06,4.071324567930024e-06,4.4716409178992345e-06
27.8,5.084159019038136e-06,4.784547498230617e-06,5.123729199452723e-06
27.900000000000002,4.793802823845289e-06,4.736900742996671e-06,5.458153467715673e-06
28.0,5.1277340704599924e-06,5.001419128611476e-06,5.888299122014526e-06
28.1,4.490225371168554e-06,4.410039479921738e-06,5.978190571156337e-06
28.200000000000003,4.867542172146451e-06,4.540948165319761e-06,6.279988285595865e-06
28.3,5.363122046264794e-06,5.249622326231881e-06,5.991903158888967e-06
28.400000000000002,5.612697068939101e-06,5.7040277950240245e-06,6.174552090238348e-06
28.5,5.431234103510409e-06,4.856833858740291e-06,6.504034471594664e-06
28.6,5.7434368455655254e-06,4.46001780427179e-06,6.8767808870511165e-06
28.700000000000003,5.966197412323477e-06,4.2444957959082335e-06,6.483417939564244e-06
28.8,5.8263024390780165e-06,4.5424168946258426e-06,6.464046469484087e-06
28.900000000000002,7.066020445728289e-06,4.121297297960975e-06,6.1469735135964075e-06
29.0,7.573426546033769e-06,3.846588240040459e-06,6.120947482484267e-06
29.1,7.640382128444401e-06,3.4198948833148322e-06,5.978881576880822e-06
29.200000000000003,7.948110233440025e-06,2.7235853645828107e-06,5.530712965981618e-06
29.3,7.599745633052972e-06,2.341487842144581e-06,4.997719405494827e-06
29.400000000000002,7.410318707474493e-06,3.357941369208102e-06,5.454135341420053e-06
29.5,8.097560747536408e-06,3.123485948766284e-06,5.201192999862951e-06
29.6,8.222656324217124e-06,2.963914938470669e-06,5.324187151687233e-06
29.700000000000003,8.413036036310555e-06,3.162608347657987e-06,5.733591748916941e-06
29.8,8.00440708006735e-06,2.541406490379552e-06,6.218131627336266e-06
29.900000000000002,7.983041775858974e-06,3.403181981982641e-06,6.081219188957682e-06
30.0,8.555322850139325e-06,3.5562632369422435e-06,6.1725694452775956e-06
30.1,8.714168291251308e-06,2.9568587430745063e-06,6.777914151036998e-06
30.200000000000003,8.566637428378275e-06,2.5313173641923524e-06,6.056326530985817e-06
30.3,8.140004214891941e-06,3.333216262539341e-06,5.852225444986544e-06
30.400000000000002,8.178308157390497e-06,3.2537706964988966e-06,5.639009098927225e-06
30.5,7.02330450276216e-06,2.856565901554648e-06,4.846627905157116e-06
30.6,6.418119524819439e-06,3.4902770650493642e-06,4.498482655402061e-06
30.700000000000003,6.500019692156281e-06,3.1743203074185778e-06,4.650145409570185e-06
30.8,7.2138597992184685e-06,3.0278244514095204e-06,4.582670210964304e-06
30.900000000000002,7.820576945009333e-06,2.801101914521721e-06,4.96323627248656e-06
31.0,8.568753642691133e-06,2.2758162599047876e-06,5.300855498437764e-06
31.1,8.643745730827303e-06,1.8648697852855229e-06,5.505700411276112e-06
31.200000000000003,8.812478788605415e-06,1.8652664479044973e-06,4.989063940857213e-06
31.3,8.737116672437595e-06,1.8290764577239466e-06,5.235534183821783e-06
31.400000000000002,9.20426571055282e-06,1.6063780905509635e-06,4.736157408091139e-06
31.5,9.18927827134257e-06,1.767446336120245e-06,4.711704135630593e-06
31.6,9.405970558907323e-06,1.8028805915598527e-06,5.42679046548433e-06
31.700000000000003,9.257294673124827e-06,1.8885736572748813e-06,5.000527441578264e-06
31.8,8.54737132044177e-06,2.068748859029726e-06,4.568999760011563e-06
31.900000000000002,8.283736717929876e-06,2.1120806903360918e-06,4.595939064481333e-06
32.0,8.403273607090972e-06,1.4595569384373638e-06,4.856591572468339e-06
32.1,8.220219976117653e-06,1.5254496732864518e-06,4.902445817326391e-06
32.2,7.875896163010657e-06,1.2100430800133673e-06,5.481865744403861e-06
32.300000000000004,7.3608268811518445e-06,1.506598753310149e-06,5.392488953163324e-06
32.4,7.47004028662471e-06,2.0089753253260953e-06,4.248885850549856e-06
32.5,7.517696787711986e-06,2.41142003920594e-06,3.7417450896021596e-06
32.6,6.801304695280481e-06,2.3128162339146105e-06,3.731539348764313e-06
32.7,6.538175330235033e-06,2.7365970897334832e-06,3.7545800155898425e-06
32.800000000000004,6.240949201206513e-06,2.3824976922810703e-06,3.891270882000253e-06
32.9,6.068672369977892e-06,2.1327350222069955e-06,3.574321583744304e-06
33.0,6.100469272818818e-06,1.850268601712808e-06,3.1350915967423904e-06
33.1,6.004772951683208e-06,1.987518992742542e-06,2.6053308535816786e-06
33.2,5.967587430562294e-06,2.2270797112375436e-06,2.0726485180954114e-06
33.300000000000004,6.486652952833131e-06,2.0936974763364132e-06,1.8997773112619271e-06
33.4,6.271612426746882e-06,1.256988608251225e-06,2.244017155427303e-06
33.5,5.762569561418928e-06,1.3220520818676567e-06,2.2093493434035296e-06
33.6,5.127704718399902e-06,1.576011264735697e-06,2.3423036294262117e-06
33.7,4.9992070293889214e-06,1.8102193921183922e-06,2.20903170088419e-06
33.800000000000004,5.103756802568244e-06,1.5122119950326312e-06,2.0526662196507007e-06
33.9,4.931796025992311e-06,1.6227621554260296e-06,1.8728187395924405e-06
34.0,4.85133081306223e-06,1.0989744470861269e-06,2.282438913071439e-06
34.1,4.0992279729775505e-06,1.0672598061177416e-06,2.100190722167459e-06
34.2,4.1330126483609286e-06,8.550056019559693e-07,2.1345403383046363e-06
34.300000000000004,4.225875374746338e-06,6.81447969685423e-07,2.7370465189562187e-06
34.4,4.314469762529426e-06,4.546767022814345e-07,3.0516839507039678e-06
34.5,3.8180121480266165e-06,7.916193768254297e-07,3.228021742908418e-06
34.6,3.9492114271793654e-06,8.483005633525859e-07,3.36805340108867e-06
34.7,3.779729550253554e-06,3.4104905086480555e-07,3.2166841713128333e-06
34.800000000000004,4.213611702941556e-06,8.625543584098599e-07,2.804756685147622e-06
34.9,3.7722894300639343e-06,7.143656608748254e-07,3.3161369300339197e-06
35.0,3.5808219123332367e-06,3.6001638162825415e-07,3.2896133034672758e-06
35.1,4.610265890662452e-06,-2.8529005646014374e-07,3.412740863497335e-06
35.2,4.910408914866286e-06,-7.246556332753607e-07,3.10660532998787e-06
35.300000000000004,4.597625471627177e-06,-1.813773133601812e-06,3.025467048816428e-06
35.4,4.8580500217824806e-06,-1.5887796336459963e-06,2.635622036195614e-06
35.5,4.639337609519778e-06,-1.5911241177176434e-06,2.75342596026836e-06
35.6,4.27246600363995e-06,-1.8945755025075874e-06,2.610854493945053e-06
35.7,4.156388359683523e-06,-2.455144521404801e-06,2.2902479304188406e-06
35.800000000000004,4.400580358652497e-06,-2.608261775401757e-06,2.3938394637451967e-06
35.9,4.7261735300095275e-06,-3.1840118887380743e-06,2.2683133259110016e-06
36.0,4.669128586404499e-06,-3.066442051093302e-06,2.434887509099244e-06
36.1,4.874271470153413e-06,-3.7432792149820716e-06,2.1835935089735876e-06
36.2,5.271771059002494e-06,-3.5138150545841185e-06,1.6357430750555604e-06
36.300000000000004,5.601386674757656e-06,-4.084668182979442e-06,1.3709203118472915e-06
36.4,5.574560541477527e-06,-3.929007152144529e-06,1.4639631653801225e-06
36.5,5.165948464361356e-06,-3.692581037903853e-06,2.035371617414597e-06
36.6,5.266095957596658e-06,-3.507700913976653e-06,1.6360419744318438e-06
36.7,5.8545683532321485e-06,-3.5438714557028323e-06,1.4898834397567084e-06
36.800000000000004,5.846604390311952e-06,-3.2280785085738416e-06,1.3395890513074146e-06
36.9,6.09621230449301e-06,-3.2593583048799626e-06,1.97423414854593e-06
37.0,5.757652490258046e-06,-3.2032095699616255e-06,1.5870925333131489e-06
37.1,6.027701562552014e-06,-3.898454891739515e-06,1.6914604523664903e-06
37.2,6.4014397974585104e-06,-3.829446124906611e-06,1.6864673291942764e-06
37.300000000000004,6.042423203334449e-06,-3.991860714826455e-06,1.963169936164694e-06
37.4,6.268575525915631e-06,-3.887460491933459e-06,1.7252257788470934e-06
37.5,6.876904210343594e-06,-4.014815435448195e-06,1.4192935314807308e-06
37.6,6.729398692588685e-06,-4.469137264887268e-06,9.815444687751182e-07
37.7,7.092378773106315e-06,-4.353207130640125e-06,7.153752590946484e-07
37.800000000000004,7.649489543918782e-06,-4.539106545299217e-06,1.0632176999010834e-06
37.9,7.70900438861793e-06,-4.43380781400719e-06,1.751143667688718e-06
38.0,7.71966094084864e-06,-4.708878497208559e-06,1.7641086088846955e-06
38.1,8.147319634685397e-06,-4.721767608405718e-06,1.4650591879350749e-06
38.2,7.891661787069375e-06,-4.402968045139941e-06,1.8872788611173888e-06
38.300000000000004,6.828793222430651e-06,-4.423632428061693e-06,1.9007741410402057e-06
38.400000000000006,7.699160822489649e-06,-4.27343738222453e-06,1.8417682127737567e-06
38.5,7.50641099227343e-06,-4.2546970490954995e-06,1.893794792040302e-06
38.6,7.002485476292491e-06,-3.319291981933285e-06,2.4038357632168976e-06
38.7,7.174545642999621e-06,-3.0276086019678548e-06,2.1822115642176346e-06
38.800000000000004,6.92295527529501e-06,-2.9533078075910564e-06,2.3841368156267108e-06
38.900000000000006,6.775944695725101e-06,-3.2678947615048266e-06,2.76532022133668e-06
39.0,6.101386705141288e-06,-3.6997953393991806e-06,3.0673991259210337e-06
39.1,6.403680906161342e-06,-4.027331148929473e-06,2.8164540110173644e-06
39.2,6.386983743170609e-06,-4.254019736349201e-06,2.9055016446762537e-06
39.300000000000004,6.2817862188671105e-06,-4.1699046837463765e-06,3.379155681305231e-06
39.400000000000006,6.3288754429587966e-06,-4.09137445974587e-06,3.7199484157415597e-06
39.5,6.263932706128129e-06,-3.877061156759653e-06,3.1681622108353345e-06
39.6,6.201273054246619e-06,-3.6681848209931646e-06,3.7344859041299494e-06
39.7,6.096550974189487e-06,-3.403074288890485e-06,4.182194137816917e-06
39.800000000000004,6.261159006592717e-06,-2.991682977610715e-06,4.620913875373217e-06
39.900000000000006,5.3748684224991015e-06,-2.7820526377166907e-06,4.3163262955286424e-06
40.0,5.477979473633324e-06,-3.036887738223088e-06,4.497312166263338e-06
40.1,5.6071567572860956e-06,-3.4226087773455954e-06,5.14684413561689e-06
40.2,5.553464766638897e-06,-3.40131239631341e-06,5.638317578891765e-06
40.300000000000004,5.6159388872814005e-06,-3.478412907034872e-06,6.069512370922e-06
40.400000000000006,4.927891704163803e-06,-2.9276503237373e-06,6.23636631966904e-06
40.5,4.731622726823943e-06,-2.699885063098652e-06,6.436820222840408e-06
40.6,4.7997064528994246e-06,-2.719194309478344e-06,5.6773621697655885e-06
40.7,4.122382021435138e-06,-2.667535679928193e-06,4.979683178892278e-06
40.800000000000004,4.0018292447083814e-06,-2.7288204447482046e-06,4.578821888117079e-06
40.900000000000006,4.137815554664988e-06,-2.570446041961538e-06,4.927017195784504e-06
41.0,4.059511751557523e-06,-2.2801328874454313e-06,4.516960290973473e-06
41.1,3.897649103802311e-06,-2.072355856596467e-06,4.485022757915995e-06
41.2,4.190919863681361e-06,-2.4723105190031266e-06,5.257268972661861e-06
41.300000000000004,4.4804379293973255e-06,-2.5298168760709955e-06,5.861956981446011e-06
41.400000000000006,4.592319475977654e-06,-1.870413438568043e-06,5.134601250594525e-06
41.5,5.004879499046412e-06,-1.772872883008987e-06,4.784947102085193e-06
41.6,5.09346578530362e-06,-2.052435420067772e-06,4.649633474743905e-06
41.7,5.028147085908372e-06,-2.286209353563458e-06,4.599197021126802e-06
41.800000000000004,5.75580611035002e-06,-2.177787625927803e-06,4.971445019349434e-06
41.900000000000006,5.9374719047642355e-06,-1.7649275685426388e-06,4.546876570801926e-06
42.0,5.29310828314014e-06,-1.595215097454784e-06,3.870386712344908e-06
42.1,5.312101101841354e-06,-1.1469047074057373e-06,4.143114209486632e-06
42.2,5.083887011136319e-06,-1.0447403542259066e-06,4.104487570297075e-06
42.300000000000004,5.333172153181801e-06,-7.062594505628911e-07,5.033691176717384e-06
42.400000000000006,5.198872922335319e-06,-4.3188653575941206e-07,5.339600202358587e-06
42.5,5.153766483437631e-06,-2.42011405780231e-07,5.532164676101649e-06
42.6,5.651672549726924e-06,-2.8189797443034077e-07,5.398093266064728e-06
42.7,6.386306651297001e-06,-6.541229221080012e-07,5.3553275175886786e-06
42.800000000000004,6.1682458849882245e-06,-3.741812643366848e-07,5.475910491426328e-06
42.900000000000006,6.062465849852642e-06,-4.1699213994218985e-07,6.181913440104577e-06
43.0,6.39911129212377e-06,-3.0210036697924467e-07,6.799361907557223e-06
43.1,6.544642899451086e-06,-6.350545797984967e-08,7.4857691221861744e-06
43.2,6.515634173252176e-06,3.0533450632052577e-07,7.955236481778058e-06
43.300000000000004,7.011377143012896e-06,3.566779336135483e-07,7.317382786599193e-06
43.400000000000006,7.123338103959666e-06,1.906658909698375e-07,7.045587530098587e-06
43.5,7.547732567603923e-06,-7.565781131914081e-07,7.149109653868717e-06
43.6,7.309223335398753e-06,-9.375223536604083e-07,7.126976935261093e-06
43.7,7.232682707022675e-06,-1.8334337348298397e-06,7.20812755093196e-06
43.800000000000004,7.254355477310976e-06,-1.7346563568289094e-06,7.089343201206487e-06
43.900000000000006,7.1247315048770955e-06,-1.6986665038535895e-06,7.468176599754209e-06
44.0,7.466935691769034e-06,-1.3759341541275268e-06,7.450861183376434e-06
44.1,7.769837594027668e-06,-1.4229095182079694e-06,6.922507295876331e-06
44.2,8.205013332053352e-06,-9.336462445778401e-07,7.31007871030037e-06
44.300000000000004,7.847143009777424e-06,-1.5671041759203295e-07,7.687043144102441e-06
44.400000000000006,7.734601676220034e-06,4.5716841959833427e-07,8.6140222445565e-06
44.5,8.027079769547414e-06,6.264517136391443e-07,8.983512892873043e-06
44.6,7.907962181725644e-06,6.269704860824821e-07,9.236799938946593e-06
44.7,7.194824026504182e-06,-3.426774132326618e-07,9.090501669086441e-06
44.800000000000004,7.0773036933281335e-06,-1.0708978119146545e-06,9.074921927605627e-06
44.900000000000006,7.68998664842755e-06,-1.4018683829032244e-06,9.121813180194345e-06
45.0,7.606631895855191e-06,-2.4837763373138467e-06,9.466925408940027e-06
45.1,7.552435008161335e-06,-3.165480435167608e-06,9.465380234563563e-06
45.2,7.382076699559054e-06,-2.926802651012206e-06,9.189784389079893e-06
45.300000000000004,7.134018440697797e-06,-2.1715148246340794e-06,9.63601585326223e-06
45.400000000000006,6.91164815272532e-06,-2.0133453974963906e-06,9.869503462716177e-06
45.5,6.573614893668934e-06,-1.7733653511277633e-06,9.466142667477967e-06
45.6,6.420828517776931e-06,-1.6188477191449498e-06,8.880757084709953e-06
45.7,5.987639187734795e-06,-1.5007689635262443e-06,8.359072464113141e-06
45.800000000000004,6.463191103994078e-06,-1.2634843385834537e-06,8.49487437535086e-06
45.900000000000006,6.003147800563677e-06,-1.2531849487741538e-06,8.355998105610914e-06
46.0,6.155300016198141e-06,-1.3832093458899058e-06,7.878531501815212e-06
46.1,6.511674426375344e-06,-1.112725139043724e-06,7.672001867789849e-06
46.2,6.703693728694506e-06,-1.1002438496373948e-06,7.572110560720506e-06
46.300000000000004,6.621995318680371e-06,-1.8000320863098847e-06,8.204348745198803e-06
46.400000000000006,6.290925350559494e-06,-1.6242837395027207e-06,8.437613471850067e-06
46.5,6.704382103427387e-06,-1.41253210249974e-06,8.534487765662995e-06
46.6,6.8278016613914165e-06,-1.2842333303775636e-06,7.990026774098641e-06
46.7,6.480321112817592e-06,-6.353596957135064e-07,7.827965488732237e-06
46.800000000000004,6.792143959207495e-06,-5.64964485602395e-07,7.639937232894486e-06
46.900000000000006,6.635287736808972e-06,-2.8237105196819826e-07,7.959695818787235e-06
47.0,6.861095124911324e-06,-2.0306573151977383e-07,8.457044328048074e-06
47.1,6.5426089352988575e-06,-8.842805269435999e-07,8.262947441275131e-06
47.2,6.278708154317829e-06,-6.251529670230244e-07,8.179205511034183e-06
47.300000000000004,6.7163710762822e-06,-3.665151032421863e-07,8.324060568943704e-06
47.400000000000006,6.644170103744599e-06,-2.2534941347577844e-07,7.785194348910418e-06
47.5,5.808795089090125e-06,-6.479109960457835e-07,7.62526833079438e-06
47.6,5.372393341534266e-06,-1.8731362624257803e-07,7.802639036648988e-06
47.7,4.63907868000913e-06,-1.9182145250646398e-07,7.658715308547498e-06
47.800000000000004,5.206195652302886e-06,5.335640800747389e-07,7.75665271970641e-06
47.900000000000006,5.014693950554783e-06,7.76589475773917e-07,8.048439353787372e-06
48.0,4.760376528104518e-06,8.643930473114908e-07,8.36611707597906e-06
48.1,5.0918603675813105e-06,8.890845032112382e-07,8.239673685825006e-06
48.2,5.030150418072478e-06,9.195392134521549e-07,8.107463825005776e-06
48.300000000000004,4.873499528694048e-06,5.541149251590689e-07,8.09231603994326e-06
48.400000000000006,5.2911246153861954e-06,-6.932886656596763e-08,7.305239210337631e-06
48.5,5.6825243355500895e-06,-1.0890786698715057e-07,7.0736573459369754e-06
48.6,6.045783709316955e-06,-1.1843088976468862e-07,6.417761494351703e-06
48.7,5.904674331227614e-06,-3.843950408346845e-07,6.3708384743988454e-06
48.800000000000004,6.647258524216533e-06,4.034118883484971e-07,6.3338141848454965e-06
48.900000000000006,7.96749611481826e-06,9.204583691063816e-07,6.516353760236501e-06
49.0,8.292470552146743e-06,8.620484462922352e-07,6.549085739595512e-06
49.1,8.686290568753398e-06,2.40319521251439e-08,6.193002180702362e-06
49.2,8.454797524916156e-06,3.3723609093086705e-07,6.435179932431659e-06
49.300000000000004,8.243527245982253e-06,2.527076250068213e-07,6.514487732769109e-06
49.400000000000006,8.150871040767705e-06,3.21544161137411e-07,6.062886210252015e-06
49.5,8.246981378926817e-06,3.998130914929031e-07,5.6006290128067565e-06
49.6,8.595075287304302e-06,5.323037683684399e-07,5.170678043267073e-06
49.7,8.638038984170854e-06,6.735003766447149e-07,5.650840993667333e-06
49.800000000000004,8.63030943899466e-06,8.130403176884533e-07,6.294822534682583e-06
49.900000000000006,9.104719639755428e-06,1.4178509335360675e-06,7.293115519748924e-06
50.0,8.879218341033387e-06,1.076202718834093e-06,7.731808060434979e-06
50.1,8.238195343735492e-06,7.412252036967611e-07,8.525293975684088e-06
50.2,7.739399465709455e-06,9.57157915391386e-07,8.575278118440545e-06
50.300000000000004,7.970394610913055e-06,5.343675244722366e-07,8.475060519453494e-06
50.400000000000006,8.729694517197415e-06,3.6415783120206793e-07,8.278929055469563e-06
50.5,8.869016491459885e-06,8.523807465812468e-07,7.775021325337437e-06
50.6,9.190495559658466e-06,4.734783500319161e-07,6.983367413997761e-06
50.7,8.646004694672434e-06,5.471993620937001e-07,7.233778236436164e-06
50.800000000000004,8.167955400573614e-06,7.482758589771192e-07,7.5232937696923e-06
50.900000000000006,8.312282054526505e-06,1.2316224460890427e-06,7.285703288955317e-06
51.0,7.84415749276478e-06,1.6798081972777683e-06,7.120577970441478e-06
51.1,7.541519458477214e-06,1.6694279290405793e-06,7.596857918440875e-06
51.2,7.439657302511611e-06,1.8204404247234143e-06,8.132302872333232e-06
51.300000000000004,7.199646458012191e-06,1.5072162635004738e-06,7.311680139085559e-06
51.400000000000006,6.85048015910885e-06,1.4031517549399614e-06,6.898296387646218e-06
51.5,6.851929354693142e-06,1.0702265509683824e-06,6.898736455041081e-06
51.6,6.585167468191556e-06,8.817161349222917e-07,7.215992588863289e-06
51.7,6.838365219764842e-06,6.81587208495493e-07,7.329146238766756e-06
51.800000000000004,6.8702029815629665e-06,8.139818342520922e-07,7.595815042894608e-06
51.900000000000006,7.261869981265141e-06,4.4929617342783133e-07,7.2081822826661115e-06
52.0,7.563784772465776e-06,3.3600597757348135e-07,7.0300697051321096e-06
52.1,7.62371039992514e-06,1.453510113373997e-07,7.249456542141417e-06
52.2,7.63824885166235e-06,-2.938008406786193e-07,6.687348431170644e-06
52.300000000000004,7.61486375398797e-06,-6.893636636244302e-07,6.822119899194591e-06
52.400000000000006,7.30458565068446e-06,-6.3212345067876e-07,6.52430711096917e-06
52.5,7.480482759752808e-06,-1.0704281861772248e-06,6.494924844296011e-06
52.6,7.865287096550128e-06,-1.6487616313478498e-06,6.567711267140355e-06
52.7,7.886984732723625e-06,-1.2841589044831191e-06,6.751301114652054e-06
52.800000000000004,7.385229976945791e-06,-1.2574510409082e-06,6.704348217500364e-06
52.900000000000006,7.308411196348483e-06,-1.2126627760347111e-06,6.684753446714706e-06
53.0,7.2150833129599376e-06,-1.2000228691260588e-06,7.148460151476751e-06
53.1,7.569877468724547e-06,-1.8959440515902407e-06,7.573420893273742e-06
53.2,7.680945683774874e-06,-2.239373146767385e-06,8.044893795194111e-06
53.300000000000004,8.051616627824867e-06,-1.943353731448542e-06,8.210783975360815e-06
53.400000000000006,7.665728321221592e-06,-2.021638071036169e-06,8.060590340912507e-06
53.5,7.709353327647937e-06,-2.235563971402893e-06,8.139382568844552e-06
53.6,8.147038118923672e-06,-2.1580073107453403e-06,8.380601389624648e-06
53.7,8.809939667453059e-06,-2.3062712808884455e-06,7.932001445236276e-06
53.800000000000004,8.926451523104049e-06,-2.185108869808917e-06,7.359947571165323e-06
53.900000000000006,9.23793734378922e-06,-2.3058232654781145e-06,7.5878676726157805e-06
54.0,9.989913595866002e-06,-2.568391736244261e-06,7.378625447915372e-06
54.1,1.0274455382090615e-05,-2.1794841657051927e-06,7.470866106021413e-06
54.2,1.0491578691306205e-05,-1.5719083540026537e-06,8.069319262652272e-06
54.300000000000004,1.0480169994302878e-05,-9.278698113310295e-07,8.521353836716734e-06
54.400000000000006,1.0151276071062601e-05,-9.478205817052899e-07,8.292640301079425e-06
54.5,9.993043545876842e-06,-1.2798966832229896e-06,8.295787157161338e-06
54.6,9.909710682659263e-06,-1.048227711860545e-06,7.951937250715685e-06
54.7,1.0493485216677131e-05,-1.191185738500871e-06,8.358360030573825e-06
54.800000000000004,1.1688053936435146e-05,-1.093619660887059e-06,8.64337490716848e-06
54.900000000000006,1.2507248974635007e-05,-2.352521452760989e-07,8.683041402401565e-06
55.0,1.3008772078678193e-05,1.5025487217068355e-07,9.046042151608436e-06
55.1,1.2870230311632967e-05,2.923993998839054e-07,9.129021853673761e-06
55.2,1.2471452580245553e-05,1.0393469284006481e-07,9.67523742991821e-06
55.300000000000004,1.2323861759341221e-05,-5.189080831366207e-07,1.046607791029544e-05
55.400000000000006,1.2345818765391811e-05,-4.3407096027260915e-07,1.0543211865526132e-05
55.5,1.2514250511588848e-05,-4.150415845961501e-07,1.0308578232743429e-05
55.6,1.2914637995040282e-05,-2.915001618045154e-07,1.0289260320526729e-05
55.7,1.2623460581385525e-05,-6.329230888243953e-07,1.0682874912074045e-05
55.800000000000004,1.2681954107401595e-05,-7.846731846436858e-07,1.0370134747096414e-05
55.900000000000006,1.3039870680043041e-05,-1.3584164749914227e-06,1.0225734123747996e-05
56.0,1.3023861852504564e-05,-2.114247821661564e-06,9.494579954677004e-06
56.1,1.3190984834668034e-05,-2.4970037623657546e-06,8.64679888624369e-06
56.2,1.3611498590822868e-05,-2.839620972011241e-06,8.112949598170394e-06
56.300000000000004,1.3575835384014656e-05,-2.850869607220165e-06,8.16724166037877e-06
56.400000000000006,1.3488684421179908e-05,-2.6332420985703175e-06,8.270257060191156e-06
56.5,1.3446967510714636e-05,-2.4494444764759463e-06,8.479942199625662e-06
56.6,1.3056505687429346e-05,-2.5239931106993677e-06,8.80273044023213e-06
56.7,1.3927666356527552e-05,-2.231639146181729e-06,8.977922801202396e-06
56.800000000000004,1.3679615115056901e-05,-1.7000008658210687e-06,9.255370818141659e-06
56.900000000000006,1.3777849365443911e-05,-1.2383887205786764e-06,8.922581462170945e-06
57.0,1.4123941069468863e-05,-3.207054791423349e-07,8.535909857345352e-06
57.1,1.3824703242221324e-05,-1.4385404307201078e-08,8.68575419794942e-06
57.2,1.3698717771928246e-05,-3.0440657036150335e-07,8.915692698359681e-06
57.300000000000004,1.4040880843395288e-05,-6.294487506131039e-07,9.15222389680661e-06
57.400000000000006,1.4558693411385499e-05,-1.1157313088620341e-06,8.796362656595352e-06
57.5,1.3897305363122782e-05,-6.297335041914579e-07,8.268551852011028e-06
57.6,1.4229832115978031e-05,-4.697174097398857e-07,7.860865672002988e-06
57.7,1.419463596046853e-05,-6.803195856716915e-07,8.086339269361803e-06
57.800000000000004,1.39417125065371e-05,-9.215474561813432e-07,8.00449292767599e-06
57.900000000000006,1.3334512453961969e-05,-6.055538500137255e-07,7.315764979091506e-06
58.0,1.3541023691845624e-05,-9.5731652855592e-07,6.845934491756524e-06
58.1,1.2883019914599982e-05,-1.8981569763005894e-07,6.533416642650304e-06
58.2,1.2515545098273353e-05,1.685297268490202e-07,6.787592573028419e-06
58.300000000000004,1.2329720936958713e-05,2.3316130193812672e-07,7.01557453056125e-06
58.400000000000006,1.232802209227567e-05,3.360765809183079e-07,6.661764441304873e-06
58.5,1.2134876837404662e-05,2.143382076216944e-07,6.544081949636648e-06
58.6,1.3027984715769143e-05,-4.2712246615013085e-08,6.157268443370905e-06
58.7,1.3203013088171716e-05,-3.0807057486670788e-09,6.140183759427406e-06
58.800000000000004,1.3363027710961249e-05,5.234475601234422e-07,6.571560985998594e-06
58.900000000000006,1.2962977571117899e-05,6.746461076673453e-07,6.855234295906232e-06
59.0,1.3298676387367492e-05,7.666833278449658e-07,7.196694597951872e-06
59.1,1.3361434198028827e-05,1.393414766708959e-06,7.109596882369301e-06
59.2,1.3254800871171129e-05,1.6506320824411187e-06,7.474192852576927e-06
59.300000000000004,1.3276572799071578e-05,1.872998151104245e-06,7.097480626568462e-06
59.400000000000006,1.2725701425049292e-05,1.3781945893496454e-06,7.1737681734653196e-06
59.5,1.1303285743024475e-05,1.088867984894837e-06,6.947737444342768e-06
59.6,1.0988139584969963e-05,-4.5547479276603474e-08,6.668700080116266e-06
59.7,1.1040278258824683e-05,-9.61567996759243e-07,6.815708930727697e-06
59.800000000000004,1.0643457077839305e-05,-1.2904534288466897e-06,6.362627406050387e-06
59.900000000000006,1.0779437219025964e-05,-1.4316587310678485e-06,6.24515063567894e-06
60.0,1.1329659673156518e-05,-1.6858294461562616e-06,6.456854299269222e-06
60.1,1.1670787081730075e-05,-1.3712742283732665e-06,6.389262915523874e-06
60.2,1.1928426034371225e-05,-1.2424270282901365e-06,7.066499971617979e-06
60.300000000000004,1.2046329626015227e-05,-1.1287320537112544e-06,7.456419057597336e-06
60.400000000000006,1.1706051750187644e-05,-1.1470212932774745e-06,6.988449525148586e-06
60.5,1.1675274145546307e-05,-6.245546867178557e-07,6.5861868916889196e-06
60.6,1.1573405882770653e-05,-5.182343647001872e-07,6.313141354200902e-06
60.7,1.1358973230003503e-05,-8.042155605529554e-10,6.403877370582273e-06
60.800000000000004,1.124505228753221e-05,2.2876507130274215e-08,6.670225503151815e-06
60.900000000000006,1.1312896047485728e-05,-6.295164182012552e-07,6.694472695225507e-06
61.0,1.0789747624036434e-05,-1.1162531072948846e-06,7.32210968204099e-06
61.1,1.062703627285723e-05,-1.3045265904597014e-06,7.618712956859897e-06
61.2,1.0282370040564883e-05,-1.6172692493205887e-06,7.3099819875002165e-06
61.300000000000004,9.728058961570971e-06,-1.5902429149176434e-06,6.9699174740503515e-06
61.400000000000006,9.291565652040386e-06,-1.698631230093321e-06,6.822560264183051e-06
61.5,9.509925839209153e-06,-1.1416755363865553e-06,6.669931137124285e-06
61.6,9.705484959959771e-06,-1.6819452789330814e-06,6.572255743588252e-06
61.7,9.861859828228911e-06,-1.7846298393461254e-06,7.345664842566353e-06
61.800000000000004,1.1147539119518756e-05,-1.7308081753648223e-06,7.061201936924587e-06
61.900000000000006,1.1876311228724012e-05,-1.4585809644166323e-06,7.547942372521875e-06
62.0,1.1804728265842465e-05,-1.4169316263785866e-06,8.578457514737844e-06
62.1,1.1612092853491509e-05,-1.5866776862777977e-06,8.496727941553583e-06
62.2,1.195925153463127e-05,-1.7960995945045604e-06,8.447387657152309e-06
62.300000000000004,1.1833755573133036e-05,-1.7635880545663019e-06,8.509726300737886e-06
62.400000000000006,1.138784016679156e-05,-2.1326352979565528e-06,8.146691157551665e-06
62.5,1.1293108955549878e-05,-2.1116170964831175e-06,7.707820877280979e-06
62.6,1.1050143751531441e-05,-2.291269551443274e-06,7.621631827273219e-06
62.7,1.124267187854182e-05,-2.544943503578717e-06,7.65031739102138e-06
62.800000000000004,1.0901562551798418e-05,-2.1192148591311798e-06,7.466619685217555e-06
62.900000000000006,1.0613542194158082e-05,-1.9934512065289084e-06,7.3347575485049504e-06
63.0,1.0604008282345203e-05,-1.883925754511121e-06,7.4791064123918434e-06
63.1,1.0389783418712154e-05,-2.3286815563667405e-06,7.614998456844802e-06
63.2,1.0608939658003362e-05,-2.452802704866793e-06,7.4712263857647285e-06
63.300000000000004,1.1366268407128616e-05,-2.1205720129393013e-06,6.997486686081349e-06
63.400000000000006,1.2406673562674406e-05,-2.4065995790217194e-06,6.504939684968797e-06
63.5,1.2308918849448464e-05,-3.054426988541436e-06,6.130233939491773e-06
63.6,1.1871949419730106e-05,-2.9419159656009935e-06,6.3152107855032805e-06
63.7,1.181939226670895e-05,-3.5990991194683583e-06,6.035429803180857e-06
63.800000000000004,1.2852610109152423e-05,-3.3642649966987478e-06,6.178366476143679e-06
63.900000000000006,1.3122389996922742e-05,-3.7328101157675982e-06,6.391050098690911e-06
64.0,1.2668179275238182e-05,-3.5252389272501322e-06,6.759530452453622e-06
64.10000000000001,1.1965630381609053e-05,-3.50288108961773e-06,6.576369506917767e-06
64.2,1.2032470706797278e-05,-3.435450281969625e-06,6.250456751160187e-06
64.3,1.2448518207553198e-05,-3.3570624955549828e-06,7.108703867350034e-06
64.4,1.2450178130685433e-05,-3.3380608396431464e-06,7.0314426850695735e-06
64.5,1.2719239765778705e-05,-2.6604473946616434e-06,6.9322111449637855e-06
64.60000000000001,1.2545027234024334e-05,-2.456094772101906e-06,6.0513032124099565e-06
64.7,1.228664708261211e-05,-2.7779857086586526e-06,5.674738794913486e-06
64.8,1.2170442982992004e-05,-2.829633120244656e-06,5.785648100629755e-06
64.9,1.174838016239754e-05,-2.8645252555069277e-06,5.409071639938245e-06
65.0,1.189976917578253e-05,-3.586450223864056e-06,4.9322874646419235e-06
65.10000000000001,1.1775337431255499e-05,-3.5460849346330385e-06,4.2756457371387774e-06
65.2,1.1293175047774661e-05,-3.552522367001332e-06,4.443508341714828e-06
65.3,1.1524033598136297e-05,-3.613642700478219e-06,4.373428469604929e-06
65.4,1.137845090447622e-05,-3.933229509144053e-06,4.5298502368594716e-06
65.5,1.1451269361349102e-05,-4.028362516152249e-06,4.217343733803135e-06
65.60000000000001,1.138580112561967e-05,-4.58025389980625e-06,4.444342743529374e-06
65.7,1.1589314167123164e-05,-4.382162767521535e-06,4.931723731128469e-06
65.8,1.1834782528536963e-05,-4.720791607148199e-06,5.0954175354297304e-06
65.9,1.1375703535020548e-05,-4.793504882635801e-06,4.869878318393835e-06
66.0,1.1461361541414893e-05,-4.780835028938627e-06,5.314720720975084e-06
66.10000000000001,1.1532062615473152e-05,-5.145887605465299e-06,5.946092356272682e-06
66.2,1.1488036542056716e-05,-5.300255836290427e-06,6.123637781627334e-06
66.3,1.1313059966912415e-05,-5.126652949450125e-06,6.182707791347689e-06
66.4,1.1544215190885042e-05,-4.3582484589228e-06,6.765561923446863e-06
66.5,1.1607048354803225e-05,-4.141479452619177e-06,6.5914169421916725e-06
66.60000000000001,1.0472550201103635e-05,-4.0531663703413155e-06,6.5124744807367675e-06
66.7,1.0421810200590583e-05,-4.202809466440765e-06,6.6179599098560294e-06
66.8,9.933144240019217e-06,-4.5736367913662866e-06,6.631315226935996e-06
66.9,9.992057927926923e-06,-5.030511988211695e-06,7.20971090847439e-06
67.0,1.0416086088688053e-05,-5.28278749359332e-06,7.972582581429027e-06
67.10000000000001,1.0509454814458846e-05,-6.237894226666901e-06,8.195802725552699e-06
67.2,1.0449491653254885e-05,-6.1931580833706505e-06,8.297836477204582e-06
67.3,1.0652581808344363e-05,-6.453631987028424e-06,8.650774678373779e-06
67.4,1.1101266799724707e-05,-6.688657745415762e-06,9.137192571839066e-06
67.5,1.1517436407581188e-05,-5.939979750372142e-06,9.716329929823082e-06
67.60000000000001,1.154709683938557e-05,-6.113090090074678e-06,1.00700570720238e-05
67.7,1.0775898538696608e-05,-6.452917146407917e-06,1.0352686809302371e-05
67.8,1.1206958514715283e-05,-7.026133235567395e-06,1.086703190558967e-05
67.9,1.1133293304955993e-05,-6.825251969731448e-06,1.1416706846049405e-05
68.0,1.1002432135182544e-05,-6.700825049060149e-06,1.1259838645784266e-05
68.10000000000001,1.0922617413957936e-05,-6.5991553163304474e-06,1.1187612807769766e-05
68.2,1.03671140265166e-05,-7.051380121392021e-06,1.109110662369157e-05
68.3,1.0515592777220813e-05,-7.640628042550703e-06,1.0963697010323605e-05
68.4,1.0260320611808253e-05,-8.254434547714605e-06,1.085825904911158e-05
68.5,1.079019869886427e-05,-8.530077112400615e-06,1.0145259552391925e-05
68.60000000000001,1.12793412437218e-05,-8.691711611317534e-06,9.201405674275026e-06
68.7,1.0375423452929935e-05,-8.585298267137847e-06,8.890293082242787e-06
68.8,1.0085589755347635e-05,-8.315693041625227e-06,8.42960658540079e-06
68.9,9.976240305901994e-06,-8.110513034510191e-06,8.67165354691312e-06
69.0,9.806202111883059e-06,-8.13925503313587e-06,8.725372125977509e-06
69.10000000000001,9.517082933365115e-06,-8.348214491654292e-06,9.107492438178086e-06
69.2,1.0133252317470563e-05,-8.16613690345033e-06,9.337828642869463e-06
69.3,1.030752209613553e-05,-8.218413261206295e-06,9.254044292677773e-06
69.4,1.0017542121511887e-05,-8.373930364647159e-06,8.908489059556448e-06
69.5,1.0208062649131804e-05,-8.532256852044029e-06,9.109247431371143e-06
69.60000000000001,1.0057025113996425e-05,-8.649883356750206e-06,9.170084567667675e-06
69.7,9.914537680868454e-06,-9.667201442091626e-06,9.266144661231808e-06
69.8,1.0271840137995275e-05,-9.710801660405019e-06,9.468372432110266e-06
69.9,1.0542081296356154e-05,-1.002122479622161e-05,9.86773414627962e-06
70.0,1.0494506671689543e-05,-1.0266922571163818e-05,1.0094333957618024e-05
70.10000000000001,1.036678000575349e-05,-1.0209842330507496e-05,1.0153121139148386e-05
70.2,9.656680605850643e-06,-1.0696791100588525e-05,1.0072691426375247e-05
70.3,9.05824207249201e-06,-1.1203406443321805e-05,1.035988129188625e-05
70.4,8.398085505818195e-06,-1.0747197269644155e-05,1.0066959652986442e-05
70.5,8.588726424085621e-06,-1.1252776558988034e-05,1.0499665012073282e-05
70.60000000000001,8.11519663167309e-06,-1.157128251164932e-05,1.06134692977263e-05
70.7,8.738756801426613e-06,-1.1809145169044652e-05,1.0185526137788849e-05
70.8,8.959062305324623e-06,-1.181146310187559e-05,9.803211982756643e-06
70.9,9.280890402022512e-06,-1.1895365767735185e-05,9.27568455662955e-06
71.0,9.576617341849029e-06,-1.196235497418292e-05,8.654212843964486e-06
71.10000000000001,9.274120549164922e-06,-1.1525364098502217e-05,7.994337761741612e-06
71.2,9.284064213849034e-06,-1.1479888791975708e-05,7.385182197329296e-06
71.3,9.338129007130302e-06,-1.1125327800187498e-05,7.15052701340439e-06
71.4,8.860099790070263e-06,-1.0916752265823144e-05,6.903550400128902e-06
71.5,9.02080901605491e-06,-1.0547733333019017e-05,7.641808360275593e-06
71.60000000000001,9.149786600297075e-06,-9.97040244375089e-06,8.327889647766478e-06
71.7,9.306955338987115e-06,-9.891010296793995e-06,8.037361734032495e-06
71.8,9.488959078847608e-06,-1.0146796218346367e-05,8.422103815288255e-06
71.9,9.609537340247603e-06,-1.043755049918648e-05,8.96421675445755e-06
72.0,9.823318466044633e-06,-9.570707382426638e-06,8.874403229762343e-06
72.10000000000001,8.793549544207094e-06,-9.013831609402436e-06,8.91606102364747e-06
72.2,9.053053315900581e-06,-8.689642317200634e-06,9.282941240427154e-06
72.3,9.006238946244816e-06,-8.600022882931263e-06,9.691394036292431e-06
72.4,8.89273857961806e-06,-8.382066943406695e-06,9.513268945723233e-06
72.5,7.878909121815994e-06,-7.6049084600159585e-06,9.158542531278647e-06
72.60000000000001,7.049321631251856e-06,-7.44076453780113e-06,8.665162961246288e-06
72.7,7.391487593557224e-06,-7.844400781966582e-06,8.656225238312002e-06
72.8,7.293915955452092e-06,-7.459050524245265e-06,8.491677291900036e-06
72.9,6.588478019517184e-06,-7.431831623011203e-06,7.975950641775864e-06
73.0,6.201305187146579e-06,-7.693931290583474e-06,7.87978602037531e-06
73.10000000000001,6.351183105507767e-06,-8.044552800508681e-06,7.799403861016487e-06
73.2,6.5154884702613465e-06,-7.841383465990788e-06,7.53577647738393e-06
73.3,6.466848082822638e-06,-7.139846935180393e-06,7.920072336980404e-06
73.4,6.497689794482996e-06,-7.39677596738051e-06,7.699255179774608e-06
73.5,6.748325405826913e-06,-7.550021389842464e-06,7.5005790261536515e-06
73.60000000000001,6.436190634128225e-06,-7.692636541949516e-06,6.918213823290084e-06
73.7,5.955338723549332e-06,-7.511297765958227e-06,6.4728618700444644e-06
73.8,5.824961391717565e-06,-7.79080062891492e-06,6.666832036768177e-06
73.9,6.21266109034976e-06,-7.832284031889075e-06,7.058081740870945e-06
74.0,5.60101592730944e-06,-7.758967184476367e-06,6.515961232015182e-06
74.10000000000001,5.033298292186898e-06,-7.195427898543171e-06,6.9173331698608415e-06
74.2,5.321061071843018e-06,-6.569125842830707e-06,6.8602786793392626e-06
74.3,5.686249126968282e-06,-6.093458954526231e-06,7.083166833985573e-06
74.4,5.060309441739782e-06,-5.760691742364482e-06,6.991927030125295e-06
74.5,5.432096312324844e-06,-6.343264468918611e-06,7.453437499417127e-06
74.60000000000001,4.938081322500677e-06,-6.835698150197436e-06,7.359288983422694e-06
74.7,5.072221453007362e-06,-6.9155207563628465e-06,7.555537742157294e-06
74.8,4.992864439349332e-06,-7.697213852544239e-06,7.6168661834000135e-06
74.9,5.311109914228789e-06,-7.956427801382458e-06,7.689897649432201e-06
75.0,5.51647259412725e-06,-8.533370649049402e-06,7.752765443531698e-06
75.10000000000001,5.575791233163749e-06,-8.52196356958626e-06,7.871730971119638e-06
75.2,5.66652479064498e-06,-8.863810128615979e-06,8.207557400202622e-06
75.3,5.620217925172098e-06,-8.877253873576334e-06,8.564030476722735e-06
75.4,5.825321879988342e-06,-8.437490253612423e-06,8.60807712619457e-06
75.5,5.54236292694005e-06,-9.337381403278933e-06,8.041785204896644e-06
75.60000000000001,6.152440656219288e-06,-9.464800830011354e-06,7.868487479828207e-06
75.7,6.1523609324656325e-06,-8.951971663792347e-06,7.959265999010112e-06
75.8,6.015292659530294e-06,-9.542685091939145e-06,7.878942887636549e-06
75.9,5.874302147370071e-06,-1.0217082823544556e-05,7.81165374610883e-06
76.0,6.128448030146659e-06,-1.0736311984725055e-05,8.214643665122885e-06
76.10000000000001,6.139369989107413e-06,-1.1574137837696292e-05,8.387012859428586e-06
76.2,5.867575023286534e-06,-1.1736149293214583e-05,8.18539257355905e-06
76.3,6.116145253294337e-06,-1.1753810312462997e-05,8.32913806201381e-06
76.4,6.198334063085325e-06,-1.2594727558392083e-05,7.757047653257627e-06
76.5,6.311129135917888e-06,-1.2541624738724997e-05,7.064099682713191e-06
76.60000000000001,6.012540258673959e-06,-1.2506079091256682e-05,6.7126391206636795e-06
76.7,5.8582190547236854e-06,-1.2247773002099425e-05,6.469259329032271e-06
76.80000000000001,6.204436761357223e-06,-1.19669947298413e-05,6.1667616679054816e-06
76.9,6.351644708008487e-06,-1.1941680674154715e-05,6.416680781547613e-06
77.0,6.90219840672467e-06,-1.238740762770704e-05,6.642878852052185e-06
77.10000000000001,6.8451042707350666e-06,-1.1690385828123587e-05,6.914361571498732e-06
77.2,7.281317912378838e-06,-1.1348534365288513e-05,6.373247534652462e-06
77.30000000000001,7.54392070599007e-06,-1.1668206900493597e-05,5.870193662528542e-06
77.4,7.434583529318383e-06,-1.1703762592245414e-05,5.486302116121757e-06
77.5,7.453568316558823e-06,-1.167263232002099e-05,5.353102336457553e-06
77.60000000000001,7.055762698569421e-06,-1.1017342683144857e-05,5.630286774852829e-06
77.7,6.95918906823348e-06,-1.1158700463852769e-05,5.239243509956518e-06
77.80000000000001,7.094207825755771e-06,-1.0646520608636681e-05,5.729553313957674e-06
77.9,7.206132472686044e-06,-1.0277539621355121e-05,6.394575476175446e-06
78.0,8.055680707924593e-06,-1.0395933155320482e-05,6.583831695083306e-06
78.10000000000001,7.468685141072321e-06,-1.0097060789225392e-05,7.3712909584407905e-06
78.2,7.81357873118734e-06,-1.0250514392629947e-05,7.4636250504545094e-06
78.30000000000001,8.32404196892556e-06,-1.0496582340773142e-05,7.513007753130193e-06
78.4,8.667676393794382e-06,-1.1087315490081648e-05,7.1250960264257335e-06
78.5,8.445979096718741e-06,-1.1267756533993148e-05,7.198348072388867e-06
78.60000000000001,7.283913602519142e-06,-1.1034809340222794e-05,6.529999257401616e-06
78.7,7.653343897041148e-06,-1.0625634174699698e-05,6.330761978174251e-06
78.80000000000001,8.321076706300724e-06,-1.0279299032913289e-05,6.361820356028666e-06
78.9,8.152751849228992e-06,-9.88563614703853e-06,6.489047409770147e-06
79.0,8.309042114868968e-06,-9.242569186172994e-06,5.642424857170981e-06
79.10000000000001,8.43683186176088e-06,-9.452777989738288e-06,5.537670137879624e-06
79.2,8.74062452964836e-06,-9.709156004933403e-06,5.978996808557864e-06
79.30000000000001,8.596487872498457e-06,-9.624640171794247e-06,5.882685698805309e-06
79.4,8.585794007054274e-06,-9.371150562651812e-06,5.554283696921201e-06
79.5,8.961206614194547e-06,-9.495601539343856e-06,6.271489714188741e-06
79.60000000000001,8.791935232205706e-06,-9.469804824458121e-06,6.489373710302551e-06
79.7,8.403978674510628e-06,-9.39229762085369e-06,6.588866597833692e-06
79.80000000000001,8.9169737269808e-06,-9.623320133058957e-06,6.210405152650424e-06
79.9,9.056899820215124e-06,-9.21950704875747e-06,5.711681136937224e-06
80.0,9.6719990383876e-06,-8.678028372570482e-06,5.8498037128874205e-06
80.10000000000001,9.570414028425854e-06,-8.534810106473231e-06,6.272445725830488e-06
80.2,9.646763090345738e-06,-8.74938708387425e-06,6.060560595919364e-06
80.30000000000001,9.011159853683029e-06,-8.315767356369106e-06,5.729267729839003e-06
80.4,9.001423546264735e-06,-8.169495413551434e-06,5.7557907598288735e-06
80.5,9.088957777487615e-06,-7.90101378313264e-06,5.643908779760463e-06
80.60000000000001,9.67443086223803e-06,-7.496065789293515e-06,5.191316119005224e-06
80.7,9.726890402912396e-06,-7.341722213474023e-06,5.173671268274849e-06
80.80000000000001,9.588562663659882e-06,-7.245771429350058e-06,5.919531942238284e-06
80.9,9.350264981225659e-06,-7.653500097059778e-06,6.502672131005789e-06
81.0,9.778765919217845e-06,-7.042911410606622e-06,6.903738471347696e-06
81.10000000000001,9.638797592713926e-06,-7.14042252951018e-06,7.197922295421333e-06
81.2,9.672923721228512e-06,-7.610786365961798e-06,6.446181608502456e-06
81.30000000000001,1.032559187028789e-05,-7.693794794355403e-06,6.7177549045673784e-06
81.4,1.0935616127792067e-05,-8.172722508925532e-06,6.990705899409948e-06
81.5,1.1906964555380323e-05,-8.13625065489286e-06,6.676333040156328e-06
81.60000000000001,1.1888782826833334e-05,-8.079335929874021e-06,6.756525080865558e-06
81.7,1.2267199021525297e-05,-7.5047785957973825e-06,6.428708401250804e-06
81.80000000000001,1.2076519458824512e-05,-7.191943616884932e-06,6.245637928581913e-06
81.9,1.156119563249574e-05,-6.876466043099163e-06,6.732775186812226e-06
82.0,1.0681225388319192e-05,-7.153694841881397e-06,6.79144966827722e-06
82.10000000000001,1.0495120563413098e-05,-7.418704210463037e-06,7.116921192501131e-06
82.2,1.0559736169605964e-05,-7.115967903200572e-06,7.162080277801072e-06
82.30000000000001,1.0901170991835941e-05,-7.529545281502724e-06,7.427083399940564e-06
82.4,1.0972061565368928e-05,-7.268970126028917e-06,7.24347810001298e-06
82.5,1.0497216600250903e-05,-7.41185609847197e-06,7.566261097908367e-06
82.60000000000001,1.0141680735886163e-05,-7.676795515813587e-06,8.021390135741955e-06
82.7,1.0258480356778055e-05,-7.92434585376245e-06,7.408666905868929e-06
82.80000000000001,9.747995084284402e-06,-7.725924855189452e-06,7.758419174212697e-06
82.9,9.2088598620371e-06,-7.512275304622384e-06,7.600719063633683e-06
83.0,9.973328750786047e-06,-7.5468500259431475e-06,7.902140581121674e-06
83.10000000000001,1.0151831718369129e-05,-7.920100480945408e-06,8.165181722902099e-06
83.2,1.0326727541557648e-05,-7.777942843326345e-06,8.186852708655487e-06
83.30000000000001,1.0250722826623397e-05,-7.3874921447417115e-06,8.074832481783526e-06
83.4,1.024629014034006e-05,-7.718209441268876e-06,7.629335491676641e-06
83.5,1.0878654338898477e-05,-7.805620111047281e-06,7.008253924411944e-06
83.60000000000001,1.0717291712007573e-05,-8.02469080734719e-06,6.334229607421413e-06
83.7,1.0520947383092207e-05,-8.069232706241013e-06,6.501023679560021e-06
83.80000000000001,1.0709347436893639e-05,-7.62684281051633e-06,6.630968638957007e-06
83.9,1.042245317090336e-05,-7.78410293660077e-06,6.317480035809374e-06
84.0,1.0825427193797798e-05,-7.239863362280327e-06,5.341174672486083e-06
84.10000000000001,1.0410114234443145e-05,-7.761136872369222e-06,4.633209452499611e-06
84.2,1.0385096968276903e-05,-7.83491157732022e-06,4.435791108585649e-06
84.30000000000001,1.0140726385985174e-05,-7.847720747910086e-06,4.6456698940292604e-06
84.4,1.0901092953867127e-05,-7.77646911811193e-06,4.882515379857361e-06
84.5,1.0692648099328602e-05,-8.200458088058627e-06,5.07612297407123e-06
84.60000000000001,1.0812369724801746e-05,-8.136077108303064e-06,4.974919568526039e-06
84.7,1.0724709515134373e-05,-7.255804996100995e-06,5.43665627303725e-06
84.80000000000001,1.1206522147965226e-05,-6.6386796827592814e-06,5.072746363845922e-06
84.9,1.118745685886341e-05,-6.867609640615411e-06,5.641712377162608e-06
85.0,1.0826183509959452e-05,-7.1805861529142874e-06,6.158161151974923e-06
85.10000000000001,1.0615007055239003e-05,-6.586145690075139e-06,6.3197703226892305e-06
85.2,1.136602012499198e-05,-6.564123545026252e-06,6.875127808904497e-06
85.30000000000001,1.0985666504266651e-05,-6.529534988227429e-06,6.748662631968036e-06
85.4,1.1266294249722383e-05,-6.146691505594543e-06,6.361996695116074e-06
85.5,1.1515876230892373e-05,-6.935160484025107e-06,5.470993521368647e-06
85.60000000000001,1.1637172161922787e-05,-7.626752193623881e-06,5.47095092858212e-06
85.7,1.1706313793533798e-05,-8.253051296485553e-06,5.168592025204969e-06
85.80000000000001,1.1203242754297017e-05,-8.396925928950021e-06,5.378635720863359e-06
85.9,1.1435332551396632e-05,-8.273854524225016e-06,5.6263981156492e-06
86.0,1.1651712716075996e-05,-8.591238414834619e-06,5.54229731138799e-06
86.10000000000001,1.1912180136526142e-05,-8.974261966102306e-06,5.316897943200407e-06
86.2,1.1476671307400402e-05,-9.068282304548528e-06,5.709291471627121e-06
86.30000000000001,1.1202041325782683e-05,-8.235862548690948e-06,5.488377771631347e-06
86.4,1.1231183706663757e-05,-7.824348731660123e-06,5.654697829199836e-06
86.5,1.0768005445050604e-05,-7.622635327507919e-06,5.826091731483744e-06
86.60000000000001,1.0745741133739889e-05,-7.914625913704271e-06,5.659674306436615e-06
86.7,1.1305458066166904e-05,-8.819567618735075e-06,5.612881514834022e-06
86.80000000000001,1.2244011336238594e-05,-8.239170316910715e-06,5.902716899276244e-06
86.9,1.2416884313924878e-05,-8.59910101985158e-06,5.755358536864705e-06
87.0,1.223969163010983e-05,-8.182363097764335e-06,6.4773311503744245e-06
87.10000000000001,1.245941095749184e-05,-8.081681665997331e-06,6.89031482316545e-06
87.2,1.2946052916070847e-05,-7.844177455685632e-06,6.7194131360570415e-06
87.30000000000001,1.3417414573444398e-05,-7.874846082027543e-06,7.005367113478454e-06
87.4,1.3650006494694807e-05,-7.774226542635109e-06,7.489172567605832e-06
87.5,1.4045254910656955e-05,-7.93134005230853e-06,7.082028983799204e-06
87.60000000000001,1.3939790464080154e-05,-7.768619741917836e-06,7.006584944720311e-06
87.7,1.4285747455430569e-05,-7.316600723464844e-06,7.279645417687359e-06
87.80000000000001,1.4696922149629141e-05,-7.302543433348609e-06,7.059597764734983e-06
87.9,1.5120125084618086e-05,-7.131005090559149e-06,6.559273718575204e-06
88.0,1.5617408334688622e-05,-6.538174191103935e-06,6.124846261256148e-06
88.10000000000001,1.530354328110458e-05,-6.923026835811606e-06,6.319951717212426e-06
88.2,1.5149532001341179e-05,-6.737227316609733e-06,6.783590227196381e-06
88.30000000000001,1.4192086731760861e-05,-6.691884501788155e-06,7.152853100099232e-06
88.4,1.3987566346990486e-05,-7.1710146860049345e-06,7.7899580758863e-06
88.5,1.4167201336404891e-05,-8.273294576156516e-06,7.55341981779105e-06
88.60000000000001,1.41031079973102e-05,-8.825375059408462e-06,7.0251567506362896e-06
88.7,1.4158780511175098e-05,-8.821747922175546e-06,6.2582724011464546e-06
88.80000000000001,1.4830347128350645e-05,-8.417413358142863e-06,6.0961339590553375e-06
88.9,1.4932331490679438e-05,-8.804884551809846e-06,5.879235912089828e-06
89.0,1.4698551534906986e-05,-8.335676662159941e-06,5.909003893870523e-06
89.10000000000001,1.4857655922334763e-05,-8.825670079764441e-06,6.172818728584783e-06
89.2,1.547906901458605e-05,-9.031094344290393e-06,6.5319940362214155e-06
89.30000000000001,1.558068138399859e-05,-9.345705637547133e-06,6.517700643899937e-06
89.4,1.5667877369520004e-05,-9.2322035915395e-06,6.360319025146364e-06
89.5,1.5702841058180854e-05,-8.877827962146809e-06,6.332517239405203e-06
89.60000000000001,1.646110497960927e-05,-8.914813695865226e-06,6.339769331729467e-06
89.7,1.6522580185745142e-05,-8.7029985071326e-06,6.618860633181986e-06
89.80000000000001,1.6866808612312838e-05,-8.837233883603948e-06,7.285541374777664e-06
89.9,1.691771637870446e-05,-8.730016253582865e-06,7.172145728090887e-06
90.0,1.672381446487335e-05,-8.897466961611415e-06,6.826467707223304e-06
90.10000000000001,1.674011645536123e-05,-9.257402517639872e-06,6.977061802112932e-06
90.2,1.6826539393318498e-05,-9.844466491201193e-06,6.6024684718405425e-06
90.30000000000001,1.6739206030274913e-05,-9.595162756425549e-06,5.9754026786322095e-06
90.4,1.6133739818432163e-05,-8.77973168778905e-06,5.840955835432731e-06
90.5,1.5948675027522754e-05,-8.189632090067032e-06,6.180860646715514e-06
90.60000000000001,1.5832960415265915e-05,-7.746300275605968e-06,6.276728061807086e-06
90.7,1.5421030625075816e-05,-7.989155269571732e-06,6.47527080775603e-06
90.80000000000001,1.5778396388451844e-05,-7.951115097994883e-06,6.864608155556383e-06
90.9,1.576545677574061e-05,-7.825265572511944e-06,7.190730966748453e-06
91.0,1.5717255676197677e-05,-7.748401915833998e-06,6.6095618664372475e-06
91.10000000000001,1.5814455119741103e-05,-8.220086968066997e-06,6.270491719419065e-06
91.2,1.617088474941085e-05,-8.313005720292548e-06,6.392755303182754e-06
91.30000000000001,1.6590043888405106e-05,-8.743748058180652e-06,6.680674252718877e-06
91.4,1.653664963668443e-05,-8.630794855534992e-06,5.780640688434008e-06
91.5,1.6844817129167325e-05,-8.20827267032394e-06,5.591377669061608e-06
91.60000000000001,1.6833695388122315e-05,-8.663264191400065e-06,4.75294495202685e-06
91.7,1.6171124968446044e-05,-9.307772956107072e-06,4.751944201552694e-06
91.80000000000001,1.626595133683543e-05,-8.978839814469693e-06,4.9283801528869995e-06
91.9,1.635487091538139e-05,-8.073631544268001e-06,5.554285352875221e-06
92.0,1.5699256970087038e-05,-8.171240745465864e-06,5.516680223960511e-06
92.10000000000001,1.6031217204823e-05,-7.8388825437727e-06,5.2110326223343685e-06
92.2,1.5685625910049928e-05,-8.08081783291721e-06,5.227734648644218e-06
92.30000000000001,1.587755331660929e-05,-8.133360724403039e-06,5.619202395741377e-06
92.4,1.5974006747658178e-05,-8.257907529164683e-06,6.015238362259863e-06
92.5,1.601272147062024e-05,-7.646770286221539e-06,5.586002793587282e-06
92.60000000000001,1.607910586864377e-05,-7.63852955425306e-06,6.126381457200097e-06
92.7,1.6195287288832125e-05,-8.188257892577565e-06,6.416447564590245e-06
92.80000000000001,1.613683899876098e-05,-7.68578426795465e-06,6.599668972246032e-06
92.9,1.5960504916544393e-05,-6.577753641172133e-06,6.950995999899406e-06
93.0,1.5589047254829155e-05,-6.386153887859819e-06,7.046350978193721e-06
93.10000000000001,1.5500646129617547e-05,-6.609637831233522e-06,7.2853416911491795e-06
93.2,1.5000704379526227e-05,-5.759617831470029e-06,7.25005606261231e-06
93.30000000000001,1.4932128453735977e-05,-5.869462647826245e-06,7.752465771355038e-06
93.4,1.433284229692569e-05,-6.381670762204536e-06,7.507499897397505e-06
93.5,1.452363110276036e-05,-7.11005510282792e-06,7.3806204495197945e-06
93.60000000000001,1.395371178446928e-05,-6.767846287432019e-06,7.904199931921185e-06
93.7,1.3994540005624726e-05,-7.5110867537834e-06,7.759431975172312e-06
93.80000000000001,1.4079133604813495e-05,-7.4495972843277515e-06,7.595380607002181e-06
93.9,1.3509503364835112e-05,-8.193587738735546e-06,7.168546109694978e-06
94.0,1.3445926928166685e-05,-8.674722834498122e-06,6.681581652791573e-06
94.10000000000001,1.3400503545477481e-05,-8.404311015794617e-06,6.304301606281415e-06
94.2,1.3465862092793766e-05,-8.532612438196623e-06,6.76102686878048e-06
94.30000000000001,1.3043912075609405e-05,-8.595827601057328e-06,7.1608306833287535e-06
94.4,1.3159465030846227e-05,-8.45297942834915e-06,6.852397719321564e-06
94.5,1.3225226083750136e-05,-8.866953561314575e-06,7.247638585767164e-06
94.60000000000001,1.3512603344175641e-05,-8.657940609720758e-06,7.252603341696034e-06
94.7,1.3853083621776932e-05,-8.317593763989953e-06,6.6690471810135415e-06
94.80000000000001,1.3873169101443515e-05,-8.198505889491676e-06,6.171028392590477e-06
94.9,1.4667964151392793e-05,-8.490509557830147e-06,5.885648906483503e-06
95.0,1.4824956025528662e-05,-7.85569197775169e-06,5.750672899488713e-06
95.10000000000001,1.4522818971599646e-05,-8.172384600583085e-06,5.483006886375163e-06
95.2,1.4883542652696776e-05,-8.035358741697744e-06,5.8449775203247725e-06
95.30000000000001,1.46039735977423e-05,-8.19640467037322e-06,5.666228983326667e-06
95.4,1.4312935903062204e-05,-8.55962185385636e-06,5.297920512763415e-06
95.5,1.4533000903566758e-05,-8.705443803994296e-06,5.592211776940478e-06
95.60000000000001,1.4858899190910701e-05,-9.265907930362302e-06,5.853676099949529e-06
95.7,1.4700856518920183e-05,-1.0127065218371204e-05,5.615034982628302e-06
95.80000000000001,1.4675321395431784e-05,-1.00591850601878e-05,5.5405786124629804e-06
95.9,1.4154075323446702e-05,-1.0651523586312892e-05,5.9239308481252375e-06
96.0,1.4214669701902454e-05,-1.0965916090509985e-05,5.872037045738858e-06
96.10000000000001,1.4220031668019087e-05,-1.1619027333156885e-05,6.139182891199341e-06
96.2,1.4528252401596367e-05,-1.0899443930011236e-05,6.554114123748029e-06
96.30000000000001,1.4776351151038382e-05,-1.1041101489779429e-05,6.495509474291908e-06
96.4,1.4832787596850249e-05,-1.2077088873201815e-05,6.348044443414473e-06
96.5,1.5183099768382537e-05,-1.2220319170435805e-05,6.103482551979906e-06
96.60000000000001,1.5426312528263198e-05,-1.239003074410735e-05,5.688164789886739e-06
96.7,1.5522726775543415e-05,-1.2679671157506941e-05,5.6259249943423136e-06
96.80000000000001,1.5400329942892474e-05,-1.3031171441661631e-05,5.3993269828192655e-06
96.9,1.5187616494652686e-05,-1.2760601267422254e-05,5.694400929891172e-06
97.0,1.5388604561786638e-05,-1.2977079003909203e-05,5.8928377563656284e-06
97.10000000000001,1.49273524680386e-05,-1.2665875548464404e-05,5.831992401542421e-06
97.2,1.5098794018249701e-05,-1.2620453409969022e-05,5.549276158093087e-06
97.30000000000001,1.4528860624204559e-05,-1.2292335182236315e-05,4.7726829729246946e-06
97.4,1.4589055135440381e-05,-1.2548403463433814e-05,5.598561897755297e-06
97.5,1.4411259092851233e-05,-1.310882871784306e-05,5.246278597952363e-06
97.60000000000001,1.5167847543048651e-05,-1.354149152428747e-05,5.310366630643455e-06
97.7,1.5391543112223816e-05,-1.3299332825707184e-05,5.362948201714231e-06
97.80000000000001,1.5692695574310557e-05,-1.3108952943977055e-05,5.603570665038841e-06
97.9,1.61507115394428e-05,-1.3931902311094929e-05,5.8785277382625465e-06
98.0,1.5656313376365284e-05,-1.408447079821042e-05,6.022392086796799e-06
98.10000000000001,1.5925498717460626e-05,-1.4217291354558463e-05,5.823062230651887e-06
98.2,1.5551736019537852e-05,-1.455974453632355e-05,6.323946214650543e-06
98.30000000000001,1.5519984275357015e-05,-1.4870296475559867e-05,6.155952896068061e-06
98.4,1.45048128942503e-05,-1.5254238510450424e-05,6.034880762518482e-06
98.5,1.4479167342560497e-05,-1.5498715168546697e-05,5.837897451715459e-06
98.60000000000001,1.4305565845550197e-05,-1.548081254826923e-05,5.72437614992951e-06
98.7,1.4302051675112951e-05,-1.5720320783948868e-05,5.75108215695304e-06
98.80000000000001,1.4269122810467166e-05,-1.579423874307363e-05,6.445591477553827e-06
98.9,1.3597149479428503e-05,-1.6206596901059294e-05,6.292831991143079e-06
99.0,1.3309785273592552e-05,-1.5427968911620197e-05,6.407006180212168e-06
99.10000000000001,1.3371024836254126e-05,-1.5746817338331742e-05,6.841414274636077e-06
99.2,1.3060147443312012e-05,-1.588058168674636e-05,6.7375526190030195e-06
99.30000000000001,1.3626830948834226e-05,-1.6488777061019177e-05,6.310691847698384e-06
99.4,1.388829574801651e-05,-1.7462746746791565e-05,6.317564881030311e-06
99.5,1.3769104103057066e-05,-1.7506787365582206e-05,6.323070059301843e-06
99.60000000000001,1.3769670236322527e-05,-1.7534293550919838e-05,6.86389077465494e-06
99.7,1.4027151436873187e-05,-1.7342075995602868e-05,7.227675347457232e-06
99.80000000000001,1.4377966698233286e-05,-1.7113683623933988e-05,7.234110972086481e-06
99.9,1.3367909718681148e-05,-1.764223247308261e-05,6.973622901302481e-06
